# source, target, weight
0,1,5.217257
0,2,73.88673
0,3,0.085891
0,4,0.445422
0,5,0.613985
0,6,0.713598
0,7,0.015419
0,8,10.5
0,9,280.0
0,10,33.0
0,11,20.0
0,12,111.0
0,13,74.0
0,14,110.0
0,15,0.0547
0,16,0.00101
0,17,6.0
0,18,13.0
1,57,2.340257
1,58,0.1615289
1,59,0.1506389
1,60,0.7215227
1,61,0.013023
1,62,0.9649457
1,63,0.03353699
1,67,0.01649599
1,70,0.003484999
1,71,0.09257797
1,77,0.05561098
1,94,1.909999e-05
1,96,0.0004379998
1,97,1.14e-05
1,18,0.6631647
2,57,33.1427
2,58,2.287573
2,59,2.133343
2,60,10.2182
2,61,0.184435
2,62,13.66555
2,63,7.455268
2,67,0.293705
2,70,0.039153
2,71,0.895905
2,72,0.1405
2,75,0.365358
2,77,0.51865
2,78,0.100665
2,79,0.00736
2,80,0.020831
2,20,0.093853
2,86,0.005149
2,97,0.00038
2,41,0.011417
2,46,0.000167
2,48,0.000802
2,18,2.305766
3,59,0.002867085
3,60,0.01373199
3,61,0.0002481805
3,63,0.0100313
3,70,6.314592e-05
3,97,2.431768e-06
3,41,1.461062e-05
3,46,1.280931e-06
3,48,1.130822e-06
3,18,0.05892985
4,57,0.1997986
4,58,0.01378997
4,59,0.01286097
4,60,0.06159987
4,61,0.001111998
4,62,0.08238181
4,63,0.0449439
4,67,0.001767996
4,68,0.001796996
4,71,0.00904698
4,77,0.005180988
4,18,0.01114197
5,58,0.02091016
5,59,0.01950015
5,60,0.09340271
5,61,0.001686013
5,63,0.06814753
5,67,0.001639013
5,68,0.002725021
5,71,0.1170259
5,77,0.005944046
5,20,0.08248563
5,94,2.900022e-05
5,96,0.0006640051
5,97,1.730013e-05
5,18,0.1998085
6,58,0.024303
6,59,0.022664
6,60,0.108556
6,61,0.001959
6,15,0.02926501
6,63,0.07920302
6,67,0.002907
6,71,0.015269
6,77,0.008741002
6,94,3.37e-05
6,96,0.0007720001
6,97,2.02e-05
6,18,0.4199051
7,58,0.0005830506
7,59,0.0005440472
7,60,0.002606226
7,61,4.700408e-05
7,63,0.001711148
7,67,4.170362e-05
7,70,1.130098e-05
7,71,0.0001440125
7,77,8.380727e-05
7,94,7.280631e-07
7,96,1.670145e-05
7,97,4.350377e-07
7,18,0.009628835
8,64,2.896966
8,65,0.3121011
8,66,1.205648
8,70,0.006229603
8,72,0.1117817
8,75,0.3052129
8,76,0.01890461
8,78,0.3202118
8,79,0.04387799
8,80,0.1379949
8,81,0.1501049
8,83,0.2569416
8,20,0.0149429
8,86,0.02620607
8,97,0.000302319
8,54,1.333461e-05
8,127,4.692561
9,19,1.999959
9,81,0.08111634
9,82,0.3626406
9,84,0.007428848
9,20,0.2106247
9,87,0.193396
9,30,0.006725862
9,41,0.006390869
9,54,0.001920961
9,113,0.001117977
9,114,0.001052978
9,123,0.00242395
9,126,0.001142977
9,17,83.13721
9,127,110.8496
9,18,83.13721
10,19,0.1999924
10,81,0.008672672
10,82,0.04120844
10,84,0.0008439681
10,20,0.02393409
10,87,0.02197617
10,30,0.0007639711
10,41,0.0007259726
10,54,0.0002179918
10,113,0.0005079808
10,114,0.0004789819
10,126,0.0002599902
10,17,9.810125
10,127,13.08017
10,18,9.810125
11,19,9.499484
11,81,0.007363601
11,82,0.02966939
11,84,0.000607967
11,20,0.01723206
11,87,0.01582314
11,30,0.0005499701
11,41,0.0005229716
11,54,0.0001569915
11,113,0.0003659801
11,114,0.0003449813
11,126,0.0003739797
11,17,3.128252
11,127,4.171001
11,18,3.128252
12,127,111.0
13,19,1.440117
13,97,0.0004207199
13,41,0.02533371
13,46,0.0004454076
13,48,0.0009782508
13,54,0.0001861865
13,17,21.75976
13,127,29.01301
13,18,21.75976
14,70,0.612029
14,73,0.05881255
14,81,0.1574601
14,82,0.4335194
14,83,2.065216
14,84,0.05328769
14,20,0.1085303
14,85,0.06157349
14,87,0.02889929
14,30,0.007690812
14,97,0.001977951
14,40,1.349967e-05
14,41,0.004357893
14,46,0.001569961
14,48,0.003097924
14,54,0.001309968
14,113,0.0007619812
14,114,0.0007179824
14,123,0.0008269797
14,126,0.0003899904
14,17,31.91939
14,127,42.55919
14,18,31.91939
15,56,0.5433115
15,69,0.005982061
15,89,6.679203e-05
15,90,7.514105e-05
15,91,0.03147262
15,30,6.825311e-06
15,94,1.283659e-06
15,95,0.02219687
15,96,2.932588e-05
15,32,2.95346e-05
15,98,0.001815908
15,50,1.252351e-05
15,17,0.3652961
16,19,4.560008e-07
16,56,0.002109508
16,23,1.513277e-05
16,25,1.997526e-06
16,28,2.209385e-05
16,33,3.995052e-08
16,45,8.62568e-06
16,52,6.708863e-07
16,127,0.0006648331
17,56,6.071713
17,57,220.8467
17,58,7.424091
17,59,0.1202653
17,60,0.5760418
17,61,0.01039781
17,62,0.7554034
17,15,0.006146489
17,63,0.4085391
17,67,0.08914252
17,71,0.34788
17,77,0.1808041
17,127,122.5214
18,55,166.4231
20,19,0.2131198
20,56,0.8326603
20,23,8.062297e-05
20,24,0.006068471
20,26,0.0001406097
20,89,0.001037882
20,90,6.433652e-05
20,91,0.003632586
20,27,0.002417678
20,28,0.0002205246
20,92,0.0006929326
20,29,0.003006417
20,93,0.0009266078
20,95,0.004466128
20,32,5.057902e-05
20,98,2.488488e-05
20,99,0.0003469721
20,100,0.001067217
20,101,0.0001193665
20,33,1.426329e-05
20,34,0.0001476908
20,35,5.644619e-05
20,36,0.003435328
20,37,0.001060136
20,38,0.0004987092
20,39,0.002373168
20,40,1.213897e-05
20,41,8.153339e-05
20,42,0.005870202
20,43,0.002680688
20,44,0.0003935048
20,45,0.006110958
20,102,0.001487023
20,50,0.001739918
20,53,9.650478e-06
20,54,6.059367e-05
20,105,3.500068e-07
20,106,5.968325e-06
20,107,0.0005786241
20,108,0.0001304939
20,109,0.0006079599
20,110,0.0003914817
20,111,0.0003004394
20,112,0.0002104087
20,113,0.0001395981
20,114,0.0005816588
20,115,9.599898e-06
20,117,0.0004764544
20,118,0.0001729803
20,119,0.0004855586
20,120,1.841076e-06
20,121,0.0001628645
20,122,0.000897272
20,124,1.021696e-06
20,125,6.109946e-06
20,126,1.588181e-05
20,127,0.2213267
21,19,0.009545992
21,56,0.0629234
21,16,0.0001105752
21,23,7.202607e-06
21,24,0.0006431624
21,25,5.620063e-05
21,26,1.491244e-05
21,28,0.00015724
21,33,1.36951e-06
21,42,0.001801666
21,45,0.0002657864
21,52,0.0004960669
21,105,4.524455e-08
21,106,7.719979e-07
21,111,3.88535e-05
21,112,2.718731e-05
21,117,6.157723e-05
21,118,2.241938e-05
21,119,6.279457e-05
21,121,2.099915e-05
21,122,0.0001156475
21,124,1.318787e-07
21,127,0.03872264
22,19,0.02771646
22,56,0.1157726
22,23,0.0002265247
22,24,0.0005104494
22,25,7.236491e-05
22,26,1.178749e-05
22,27,0.0002029497
22,28,0.0006293493
22,92,0.000833324
22,29,0.0002531747
22,93,7.78999e-05
22,32,1.414498e-05
22,33,1.086499e-06
22,35,4.745744e-06
22,45,0.0002111497
22,51,0.0002131997
22,52,0.003408121
22,105,8.230739e-08
22,106,1.404248e-06
22,111,7.051991e-05
22,112,4.930244e-05
22,113,3.269746e-05
22,114,0.0001363248
22,115,2.254997e-06
22,117,0.0001117249
22,118,4.069245e-05
22,119,0.0001137749
22,120,4.325495e-07
22,121,3.823245e-05
22,122,0.0002111497
22,124,2.398497e-07
22,127,0.03753853
23,19,0.003898825
23,56,4.533258e-05
23,17,0.0007539217
24,19,0.008164008
24,56,0.01711378
24,116,7.592345e-05
24,17,0.01655172
24,127,0.03315426
25,19,4.154908e-05
25,56,0.0006843972
25,49,6.146433e-05
25,116,3.892067e-06
25,121,2.911468e-05
25,17,0.0006015012
26,19,0.00224752
26,56,0.0006438103
26,49,4.652575e-05
26,17,0.001401894
27,19,1.213773e-06
27,56,0.001681519
27,92,0.0005762953
27,43,0.0003187387
27,105,1.865065e-07
27,106,1.815725e-06
27,107,0.000649319
27,108,0.0001243377
27,115,8.111554e-06
27,116,1.1743e-05
27,121,2.190712e-05
27,17,0.00887929
28,19,4.12874e-06
28,56,0.005822259
28,74,0.006871779
28,23,1.41827e-05
28,25,2.269232e-05
28,44,1.19765e-05
28,109,0.0004927174
28,116,2.164174e-05
28,121,8.08939e-05
28,125,6.50303e-05
28,17,0.01278334
29,19,1.892561e-06
29,56,0.006009595
29,23,0.002860716
29,26,4.51742e-06
29,27,7.760452e-05
29,28,0.0004945386
29,33,4.146516e-07
29,36,9.985875e-05
29,37,3.090866e-05
29,43,0.0002168362
29,44,1.150753e-05
29,50,0.0004298682
29,54,1.046139e-05
29,105,1.436064e-07
29,106,1.388512e-06
29,107,0.0009966855
29,108,9.605461e-05
29,110,6.229284e-05
29,112,3.537853e-05
29,115,6.229284e-06
29,116,8.977779e-06
29,121,3.357156e-05
29,125,4.498399e-05
29,127,0.003261102
30,19,0.001244717
30,56,0.009963437
30,31,7.420794e-05
30,34,2.128371e-05
30,47,9.786706e-07
30,49,0.0003069035
30,53,1.396744e-06
30,105,2.052358e-07
30,106,1.985846e-06
30,107,0.0007126243
30,108,0.0001368239
30,115,8.912554e-06
30,116,2.565447e-05
30,121,4.807838e-05
30,17,0.004774583
31,19,4.530201e-07
31,56,0.003695391
31,34,7.787768e-05
31,47,3.570976e-06
31,49,0.001122578
31,53,5.109535e-06
31,105,4.330759e-07
31,106,4.207294e-06
31,107,0.0007540839
31,108,0.0001927947
31,109,0.0003096113
31,115,1.880461e-05
31,116,2.716221e-05
31,121,5.081043e-05
31,125,2.725719e-05
31,17,0.01361245
32,19,0.000175455
32,56,0.0002803466
32,121,4.472196e-06
32,125,3.594921e-06
32,17,0.0001077523
33,19,5.80193e-05
33,56,2.661256e-05
33,17,1.144732e-05
34,19,0.0001261102
34,56,0.0003491683
34,116,3.296617e-06
34,121,1.228916e-05
34,125,8.261049e-06
34,17,0.0009480212
35,19,0.0003741038
35,56,0.0002068915
35,121,7.426106e-06
35,17,0.0003048402
36,19,0.0002614266
36,56,0.004947244
36,25,4.951045e-06
36,49,0.0003497091
36,105,1.957611e-07
36,106,3.801186e-06
36,107,0.0003402061
36,108,0.0001748546
36,109,0.0001862581
36,115,8.514657e-06
36,116,2.451765e-05
36,121,2.299718e-05
36,125,2.461268e-05
36,17,0.007699301
37,19,0.0002939244
37,56,0.0009863903
37,116,6.396592e-06
37,121,2.391249e-05
37,17,0.001980752
38,19,1.389171e-07
38,56,0.01046735
38,23,8.403026e-06
38,25,5.663542e-05
38,33,5.22639e-07
38,34,4.468661e-05
38,35,2.282903e-06
38,36,0.0001058878
38,37,3.27378e-05
38,39,0.0003876078
38,42,0.0004808668
38,43,0.0002292617
38,44,1.21431e-05
38,49,0.0005410966
38,54,2.05947e-06
38,105,5.13896e-07
38,106,1.000591e-05
38,109,0.0003672074
38,110,0.0004478375
38,111,0.0001952611
38,112,0.0002545194
38,114,1.544602e-05
38,115,2.234331e-05
38,116,3.225208e-05
38,117,7.237288e-05
38,118,1.185167e-05
38,119,0.0001010306
38,120,2.312046e-06
38,121,6.032692e-05
38,122,1.000591e-05
38,125,0.0001612604
38,17,0.01755018
38,127,0.008763433
39,19,0.01052429
39,56,0.02019955
39,23,2.160846e-05
39,25,5.649208e-05
39,33,2.170536e-07
39,105,1.104648e-06
39,106,1.065888e-05
39,107,0.001914723
39,108,0.000736432
39,109,0.0005232543
39,115,4.786808e-05
39,116,6.899204e-05
39,121,8.604627e-05
39,125,0.0003459292
39,17,0.04610549
40,19,2.806948e-05
40,56,0.0001262605
40,25,4.132161e-06
40,17,8.5878e-05
41,19,1.187774e-06
41,56,0.06385782
41,23,4.210321e-05
41,25,0.0001149147
41,92,0.001873399
41,33,2.201727e-06
41,34,0.0001883056
41,35,1.921683e-06
41,36,0.0005320841
41,37,0.0001641639
41,49,0.002711601
41,53,1.236057e-05
41,105,2.578338e-06
41,106,2.501085e-05
41,107,0.004483605
41,108,0.001723721
41,109,0.001226401
41,110,0.001121143
41,112,0.0006373421
41,115,0.0001120177
41,116,0.0001612669
41,121,0.0001506445
41,125,0.0003234994
41,17,0.1078238
42,19,0.003528868
42,56,0.01909301
42,25,1.7366e-05
42,49,0.001226174
42,105,8.913269e-07
42,106,8.663811e-06
42,107,0.001551427
42,108,0.0005967764
42,109,0.0004240758
42,115,3.876168e-05
42,116,5.59358e-05
42,121,4.183192e-05
42,125,0.0001679033
42,17,0.03076756
43,19,0.001181968
43,56,0.003165733
43,49,0.0006278889
43,105,2.305293e-07
43,115,1.000982e-05
43,116,5.773342e-05
43,121,0.000216374
43,125,5.783453e-05
43,17,0.01468714
44,19,0.00100656
44,56,7.413788e-05
44,116,2.884821e-06
44,121,1.079286e-05
44,17,0.001344569
45,19,2.635806e-05
45,56,0.01735715
45,116,4.414181e-05
45,121,0.0006594807
45,125,0.0001323196
45,17,0.0158106
46,19,1.774099e-07
46,56,0.001707448
46,25,3.881455e-06
46,49,9.184149e-05
46,53,4.175504e-07
46,105,8.752877e-08
46,106,8.498033e-07
46,107,0.0006194645
46,108,5.851587e-05
46,115,3.803041e-06
46,116,5.488926e-06
46,121,8.213785e-05
46,125,2.744463e-05
46,17,0.002222035
47,19,9.972789e-05
47,56,3.804362e-06
47,17,3.288866e-05
48,19,0.002102994
48,56,0.00187912
48,23,1.833535e-05
48,25,0.0001995615
48,33,2.390686e-07
48,39,0.0004041881
48,42,0.001046432
48,49,0.0001965225
48,116,7.800121e-06
48,121,2.917448e-05
48,125,3.91019e-05
48,17,0.004079362
48,127,0.002037148
49,19,0.002917869
49,56,0.01288548
49,116,6.05662e-05
49,121,0.0002262807
49,125,3.033125e-05
49,17,0.01097414
50,19,4.233221e-06
50,56,0.008512392
50,74,0.001968008
50,25,2.082393e-05
50,27,7.46924e-05
50,33,4.008362e-07
50,54,1.86731e-06
50,105,4.047468e-07
50,106,7.870077e-06
50,107,0.00140977
50,108,0.0002708088
50,109,0.0002893842
50,115,1.759769e-05
50,116,5.083776e-05
50,121,9.502751e-05
50,125,2.541888e-05
50,17,0.002906551
50,127,0.0052402
51,19,4.399667e-08
51,56,0.01697898
51,25,4.645185e-05
51,92,0.0008396687
51,42,0.000972248
51,44,2.455171e-05
51,49,0.001094025
51,53,4.979088e-06
51,105,3.466702e-07
51,106,6.746812e-06
51,107,0.002416871
51,108,0.0003093516
51,109,0.0009918894
51,115,1.512386e-05
51,116,4.350564e-05
51,121,0.0001630234
51,125,0.0001306151
51,17,0.01420661
52,19,4.458131e-08
52,56,0.02934476
52,47,3.659218e-06
52,49,0.001152013
52,53,5.237317e-06
52,105,2.741947e-07
52,106,5.316223e-06
52,107,0.0009527776
52,108,0.0001223027
52,109,0.0007821455
52,115,1.193438e-05
52,116,3.432366e-05
52,121,0.0002564412
52,125,3.442229e-05
52,17,0.002414492
53,19,3.116661e-08
53,56,0.0003020928
53,25,3.276218e-06
53,31,7.47786e-05
53,34,1.180715e-06
53,47,5.392994e-08
53,49,1.404093e-05
53,107,0.0001033923
53,109,5.648284e-05
53,121,9.286163e-06
53,125,2.489075e-06
53,17,4.39311e-05
54,19,1.175493e-08
54,56,0.008161141
54,23,3.602316e-06
54,25,6.41781e-07
54,27,1.042776e-05
54,92,5.299196e-05
54,32,2.768095e-06
54,33,2.464743e-07
54,35,1.080695e-06
54,36,5.96278e-05
54,37,1.839077e-05
54,42,0.0002426823
54,43,0.0001156533
54,44,6.83492e-06
54,49,6.958157e-05
54,50,0.0003867749
54,105,1.943355e-07
54,106,3.772952e-06
54,107,0.0003384281
54,108,0.000129873
54,109,9.252263e-05
54,110,8.455962e-05
54,111,3.697113e-05
54,112,4.806247e-05
54,115,8.455962e-06
54,116,1.222891e-05
54,117,1.365088e-05
54,118,2.237228e-06
54,119,1.914915e-05
54,120,4.370178e-07
54,121,1.137573e-05
54,125,2.445783e-05
54,17,0.0002000233
54,127,0.0002000233
55,56,98.57725
55,57,26.01588
55,58,2.341136
55,59,0.782566
55,60,3.748304
55,61,0.06765579
55,62,4.915469
55,63,2.710913
55,67,0.02922151
55,71,0.2504139
55,17,26.98428
57,56,131.7417
57,58,8.308995
57,59,1.402419
57,60,6.71725
57,61,0.1212441
57,62,9.304338
57,63,4.858165
57,67,0.03054776
57,71,0.09616339
57,77,0.1497201
57,17,119.8148
58,56,10.30372
58,59,0.08488858
58,60,0.4065979
58,61,0.007339258
58,63,0.2940665
58,67,0.001848984
58,71,0.005820717
58,77,0.009539004
58,17,9.469094
59,56,1.777397
59,15,0.06831508
59,68,0.002048419
59,69,0.001687234
59,70,0.0002936545
59,20,0.01047743
59,89,0.000614935
59,90,2.097532e-05
59,91,0.01648558
59,30,0.0001432461
59,94,2.179387e-05
59,95,0.001776251
59,96,0.0004993149
59,98,0.0007755753
59,99,0.0003529993
59,100,0.0007172536
59,101,2.117996e-05
59,34,1.64733e-05
59,35,5.729843e-06
59,38,0.0001903127
59,39,0.001681095
59,42,0.0003253733
59,43,0.0001094809
59,103,0.007690268
59,104,0.0003929036
59,50,9.239373e-05
59,53,1.074346e-06
59,17,2.840403
60,56,8.420456
60,15,0.3197658
60,68,0.009577885
60,69,0.0179882
60,70,0.001373608
60,20,0.04898831
60,89,0.002875487
60,90,9.817257e-05
60,91,0.07713212
60,30,1.181707e-05
60,94,0.0001020106
60,95,0.008310328
60,96,0.002334123
60,98,0.003990533
60,99,0.001649339
60,100,0.002288673
60,101,0.0005666133
60,34,5.25203e-05
60,35,2.686616e-05
60,38,0.0008877952
60,39,0.007858855
60,42,0.001523089
60,43,0.000513083
60,103,0.03001535
60,104,0.002520974
60,50,0.0004757128
60,53,3.44412e-06
60,17,13.70643
61,56,0.1513523
61,15,0.005599047
61,68,0.0001669716
61,69,0.0001369767
61,70,2.389593e-05
61,20,0.0008528549
61,89,5.009148e-05
61,90,1.709709e-06
61,91,0.001343771
61,30,0.000487917
61,94,1.779697e-06
61,95,0.0001449753
61,96,4.069308e-05
61,98,6.318925e-05
61,99,2.869512e-05
61,100,3.989321e-05
61,101,9.86832e-06
61,34,9.138445e-07
61,35,4.669206e-07
61,38,1.549736e-05
61,39,0.0001369767
61,42,2.649549e-05
61,43,8.928481e-06
61,103,0.0006268933
61,104,3.199456e-05
61,50,7.528719e-06
61,53,5.988981e-08
61,17,0.2479468
62,56,10.1549
62,15,0.2327974
62,68,0.006981906
62,69,9.519869e-05
62,70,0.001001141
62,20,0.03570904
62,89,0.002095575
62,90,7.162472e-05
62,91,0.06184604
62,30,0.0004363691
62,94,7.433321e-05
62,95,0.006662904
62,96,0.00187087
62,98,0.002909127
62,99,0.0006610741
62,100,0.001834756
62,101,0.0002267113
62,34,3.821991e-05
62,35,1.956137e-05
62,38,0.00064703
62,39,0.002993392
62,42,0.001110484
62,43,0.0003741739
62,103,0.02196792
62,104,0.002018332
62,50,0.0003149883
62,53,2.507868e-06
62,17,19.14843
63,56,6.132217
63,15,0.2537075
63,68,0.007195529
63,69,0.004847625
63,70,0.0009288294
63,77,0.0005925109
63,20,0.0003679472
63,89,0.00216024
63,90,7.38003e-05
63,91,0.05214623
63,30,0.0005050049
63,94,7.664687e-05
63,95,0.005038451
63,96,0.001578272
63,98,0.002453333
63,99,0.0005577193
63,100,0.001736415
63,101,0.0001918808
63,50,0.0002920383
63,17,9.497857
64,56,92.30348
64,65,9.161333
64,66,33.0309
64,72,0.00477174
64,75,0.001437199
64,76,0.01734997
64,77,0.009262613
64,78,0.04701921
64,79,0.09821557
64,80,0.2779949
64,48,0.0004222955
64,127,49.67424
65,56,8.355318
65,66,3.724224
65,72,0.0003322478
65,75,0.5372583
65,76,0.00120846
65,77,0.0007336703
65,78,0.003274265
65,79,0.006838855
65,80,0.02150702
65,48,2.945162e-05
65,127,7.739161
66,56,33.22267
66,70,0.026765
66,72,0.005237543
66,76,0.7617334
66,78,0.425774
66,84,0.01821349
66,20,0.2755237
66,21,0.05211704
66,86,0.01860005
66,90,2.194272e-05
66,39,0.00805421
66,42,0.004263451
66,46,0.001610842
66,48,0.001414998
66,50,0.003440086
66,54,0.001305284
66,127,86.25223
67,56,0.2206373
67,70,0.1480688
67,89,0.002908563
67,38,0.002651776
67,40,2.264574e-06
67,41,0.01026843
67,46,0.0006682516
67,51,0.004991162
67,54,0.0001081739
67,122,0.0002173587
67,124,1.617553e-05
67,126,3.851798e-05
67,17,0.07674076
68,56,0.01278341
68,45,0.0003818928
68,46,2.125134e-05
68,51,0.000158859
68,127,0.0171473
69,56,0.02189327
69,70,0.06322218
69,38,7.245269e-05
69,41,0.00730496
69,45,0.006909763
69,51,0.002013032
69,122,0.0001049741
69,124,1.193823e-07
69,127,0.01534988
70,56,0.784465
70,76,0.04538731
70,21,0.006990653
70,28,0.003882127
70,46,0.0001946611
70,51,0.01813777
70,52,0.0004932087
70,54,0.0003933566
70,106,5.43639e-06
70,122,0.0002551775
70,124,2.904787e-07
70,126,7.241796e-05
70,127,0.2393413
71,56,0.8166678
71,70,0.05864134
71,74,0.01372629
71,76,0.09814812
71,84,0.06281197
71,87,0.02919842
71,88,0.001335651
71,22,0.01850008
71,16,0.0003940272
71,23,0.000229344
71,24,0.02752027
71,26,0.000638526
71,89,0.003074422
71,90,3.74831e-05
71,28,0.0003081495
71,94,0.0005354729
71,95,0.013209
71,96,0.01224616
71,35,0.000281881
71,38,0.003712948
71,39,0.005748755
71,40,6.112472e-05
71,41,0.0005718446
71,42,0.001792318
71,44,0.0001626625
71,46,6.769185e-05
71,51,0.0001131565
71,52,0.005140539
71,54,2.465195e-06
71,106,6.647946e-06
71,109,0.0003384592
71,110,0.0002182304
71,111,0.0001667038
71,112,0.0001171978
71,113,0.0001555902
71,114,0.000647619
71,115,1.070946e-05
71,117,0.0002647054
71,118,9.638511e-05
71,119,0.0002707674
71,122,0.0008314983
71,124,9.466755e-07
71,125,3.404799e-05
71,126,8.850456e-05
71,127,0.652121
72,56,0.2955108
72,70,0.003725924
72,74,0.02564019
72,84,0.03620546
72,21,0.007063561
72,16,2.282842e-05
72,23,1.589836e-05
72,24,0.001752896
72,26,4.066312e-05
72,89,0.006113735
72,90,6.97082e-05
72,28,0.0001243334
72,94,6.196286e-05
72,95,0.01873866
72,96,0.001417604
72,100,0.0005554236
72,35,1.630601e-05
72,38,0.0005207732
72,39,0.0003332541
72,40,3.546558e-06
72,41,0.0004412815
72,44,2.068825e-05
72,51,0.0007327514
72,52,0.002039271
72,54,1.589836e-05
72,109,0.0002150356
72,110,0.0001386011
72,111,0.0001059891
72,112,7.449809e-05
72,113,9.875329e-05
72,114,0.000412746
72,115,6.797569e-06
72,117,0.0001691749
72,118,6.135138e-05
72,119,0.0001722323
72,122,0.0001589836
72,124,1.803853e-07
72,126,5.635766e-06
72,127,0.09465742
73,56,0.03431286
73,16,3.33023e-06
73,23,2.108798e-06
73,24,0.00025577
73,26,5.940129e-06
73,89,0.0008925853
73,90,1.01786e-05
73,28,4.927488e-05
73,95,0.002736217
73,38,7.610464e-05
73,39,4.854411e-05
73,40,5.167599e-07
73,41,6.441228e-05
73,44,1.513741e-05
73,51,0.0001064839
73,52,0.0002975284
73,54,2.31759e-06
73,111,1.5555e-05
73,113,1.440664e-05
73,114,6.023646e-05
73,117,2.463744e-05
73,118,8.967611e-06
73,119,2.515942e-05
73,122,2.31759e-05
73,127,0.01976111
74,56,0.03052864
74,16,2.832586e-06
74,23,2.095906e-06
74,24,0.0002189288
74,26,5.063377e-06
74,89,0.0007605441
74,90,8.674146e-06
74,28,4.202188e-05
74,35,2.033652e-06
74,38,6.484858e-05
74,39,4.139933e-05
74,40,4.409704e-07
74,41,5.488784e-05
74,44,1.286596e-05
74,51,0.0007460181
74,52,0.0002542064
74,54,1.981773e-06
74,113,1.224341e-05
74,114,5.136008e-05
74,117,2.095906e-05
74,118,7.636569e-06
74,119,2.137409e-05
74,122,1.981773e-05
74,127,0.01827381
75,56,1.257247
75,76,0.1388486
75,84,0.09129722
75,87,0.01421771
75,24,0.009834493
75,26,0.0002282071
75,28,0.002021997
75,92,2.713814e-05
75,95,0.004360606
75,35,9.148844e-05
75,38,0.00843955
75,39,0.01106599
75,40,2.672696e-05
75,41,0.01228721
75,42,0.002565788
75,46,2.199834e-05
75,103,0.01143091
75,104,0.001168791
75,50,0.0009580586
75,51,0.004109784
75,52,0.0002539061
75,54,8.922692e-05
75,109,0.0002415706
75,110,0.0001552219
75,111,0.0001192434
75,112,8.357314e-05
75,113,2.775492e-05
75,114,0.000231291
75,115,3.813731e-06
75,117,0.0001891446
75,118,0.0001151315
75,119,0.0003217515
75,122,0.0002970804
75,124,3.381988e-07
75,126,3.166117e-05
75,127,0.8364037
76,56,1.003679
76,84,0.1992266
76,87,0.01395364
76,24,0.008774941
76,26,0.0002039261
76,28,0.001292891
76,92,2.661236e-05
76,95,0.00388989
76,35,8.157044e-05
76,38,0.007529972
76,39,0.00888608
76,40,2.385935e-05
76,41,0.01096307
76,42,0.002289071
76,46,1.967887e-05
76,103,0.01019834
76,104,0.001043082
76,50,0.0008850393
76,51,0.003666591
76,52,0.000226358
76,54,7.963314e-05
76,106,1.060416e-05
76,109,0.0002161617
76,110,0.0001386698
76,111,0.0001060416
76,112,7.453499e-05
76,113,2.477702e-05
76,114,0.000206985
76,115,3.405566e-06
76,117,0.0001692587
76,118,0.0001029827
76,119,0.0002875358
76,122,0.0002651039
76,124,3.018106e-07
76,126,2.824376e-05
76,127,0.3098769
77,56,0.5748582
77,76,0.1280847
77,87,0.01285363
77,24,0.004534391
77,26,0.0001053576
77,28,0.0009672831
77,92,1.254257e-05
77,95,0.002009822
77,96,0.001003406
77,35,4.214304e-05
77,38,0.004894613
77,39,0.005101315
77,40,1.234189e-05
77,41,0.005664225
77,42,0.002186421
77,46,1.01344e-05
77,103,0.009810298
77,104,0.0009943751
77,50,0.0004404951
77,51,0.001883392
77,52,0.0001284359
77,54,4.093896e-05
77,106,5.478596e-06
77,109,0.000111378
77,110,7.174351e-05
77,111,5.508697e-05
77,112,3.853078e-05
77,113,1.274325e-05
77,114,0.000106361
77,115,1.75596e-06
77,117,8.72963e-05
77,118,5.297982e-05
77,119,0.0001485041
77,122,0.0001374666
77,124,1.555279e-07
77,126,1.454938e-05
77,127,0.1883804
78,56,0.861082
78,76,0.07588175
78,20,0.004346227
78,21,0.008220548
78,24,0.002269639
78,26,5.27063e-05
78,89,0.004732331
78,90,3.513753e-07
78,28,0.007457533
78,94,8.028518e-05
78,95,0.01799675
78,96,0.0003146035
78,35,2.11438e-05
78,38,0.0003666969
78,39,0.0001266585
78,41,0.04191377
78,42,0.0001348301
78,45,0.00205718
78,46,2.543385e-05
78,48,2.022451e-05
78,50,0.0002706816
78,52,0.0006077567
78,54,2.063308e-05
78,109,0.0002788531
78,110,0.0001797734
78,111,0.0001378944
78,112,9.642392e-05
78,117,0.0002185881
78,118,7.957016e-05
78,119,0.0002226739
78,126,7.293081e-06
78,127,0.2572936
79,56,0.06987687
79,69,0.0007270331
79,70,8.465034e-05
79,76,0.01896413
79,20,0.0005514015
79,21,0.001149774
79,87,0.02510102
79,24,0.005557923
79,26,6.667874e-06
79,89,0.0005238314
79,90,5.28937e-06
79,28,0.003892486
79,94,1.019072e-05
79,95,0.01187045
79,96,0.003103165
79,32,1.092592e-06
79,99,8.240389e-05
79,100,0.001279456
79,101,2.828485e-05
79,35,2.68553e-06
79,38,0.003925162
79,39,0.000448269
79,40,1.480615e-06
79,41,0.002508877
79,42,1.868638e-05
79,44,0.0008168911
79,45,0.0002899964
79,48,2.828486e-06
79,102,0.0003849599
79,103,0.01471629
79,104,0.0002808063
79,50,6.882307e-05
79,52,0.002726374
79,54,0.001024177
79,127,0.04050963
80,56,0.1308636
80,69,0.02695786
80,70,0.0006990546
80,76,0.01889788
80,84,0.160228
80,21,0.01281295
80,87,0.03926
80,16,0.00125667
80,89,0.002498077
80,90,2.442112e-05
80,91,0.008337778
80,92,2.981412e-05
80,31,0.002256918
80,94,0.0001149828
80,95,0.003650958
80,96,0.002639516
80,32,1.241407e-05
80,98,0.00217348
80,99,0.005262751
80,100,0.004223837
80,101,0.001807163
80,38,0.0008720375
80,39,0.003433203
80,40,1.129477e-05
80,41,0.02298943
80,42,0.00103281
80,43,0.0004863873
80,44,9.49371e-05
80,45,0.002430919
80,48,2.157199e-05
80,102,0.003223588
80,103,0.002805376
80,104,0.0002869482
80,50,0.000576949
80,52,0.001294319
80,54,0.002064602
80,126,7.010896e-06
80,127,0.163302
81,56,0.179448
81,69,0.007273769
81,70,0.0009412635
81,76,0.05132065
81,84,0.03032814
81,21,0.005572604
81,87,0.02044437
81,89,0.002749827
81,90,2.684982e-05
81,91,0.008070145
81,92,3.647523e-05
81,31,0.001985874
81,94,0.0002097326
81,95,0.005556393
81,96,0.004310156
81,32,2.249306e-05
81,98,0.0003059866
81,99,0.006771221
81,100,0.006112641
81,101,0.00290586
81,38,0.0009605143
81,39,0.003576599
81,40,1.246237e-05
81,41,0.02079291
81,42,0.001136811
81,43,0.000423518
81,44,0.0001043597
81,45,0.001663676
81,48,2.37089e-05
81,102,0.002536041
81,103,0.003089249
81,104,0.0003161186
81,50,0.0006352769
81,52,0.0003049735
81,54,0.001037518
81,126,9.4329e-06
81,127,0.1720496
82,56,0.5268657
82,69,0.0159957
82,70,0.001862013
82,76,0.07432944
82,21,0.02116952
82,26,0.000136074
82,89,0.005147801
82,90,5.753131e-06
82,91,0.01675912
82,94,0.0002071127
82,96,0.000810441
82,32,2.221209e-05
82,98,0.0006063299
82,99,8.074394e-05
82,100,0.001393758
82,101,2.771508e-05
82,35,5.432956e-05
82,36,0.003008637
82,38,0.003055663
82,39,0.008311522
82,40,2.741492e-05
82,41,0.001016553
82,42,0.00250036
82,44,0.0001150626
82,45,0.005297882
82,48,5.222842e-05
82,102,0.003902123
82,50,0.00069838
82,54,5.302885e-05
82,126,1.871018e-05
82,127,0.1735064
83,56,1.115689
83,69,0.02286267
83,84,0.1877307
83,88,0.0002657279
83,22,0.003685968
83,26,0.0001942632
83,89,0.002857582
83,90,0.000177152
83,91,0.02000207
83,27,0.001593361
83,28,0.0001318574
83,92,0.0009542048
83,29,0.004138914
83,93,0.001275293
83,31,0.003174643
83,94,0.0002959243
83,95,0.0307419
83,96,0.001158534
83,32,6.965293e-05
83,98,0.0001248116
83,99,0.0004781089
83,100,0.002938105
83,101,0.0001640668
83,33,1.781585e-05
83,34,0.0002023156
83,35,7.770528e-05
83,36,0.002058385
83,37,0.0006351299
83,38,0.0006864638
83,39,0.003267246
83,40,1.670865e-05
83,41,0.0001016611
83,42,0.008081551
83,43,0.001967796
83,44,0.0002466036
83,45,0.003785616
83,102,0.001023656
83,50,0.0009793685
83,52,0.001690996
83,53,1.32864e-05
83,54,0.0001187723
83,105,5.878224e-07
83,106,1.002519e-05
83,107,0.0009713161
83,108,0.0002194268
83,109,0.001020637
83,110,0.000657274
83,111,0.000504279
83,112,0.0003522908
83,113,0.0002335185
83,114,0.0009773553
83,115,1.610472e-05
83,117,0.0007991968
83,118,0.0002908915
83,119,0.0008153016
83,120,3.090094e-06
83,121,0.0002737803
83,122,0.001505791
83,124,1.711127e-06
83,125,1.026676e-05
83,126,2.667345e-05
83,17,0.8877929
84,56,0.5730832
84,69,0.01130595
84,88,0.001788765
84,22,0.02477111
84,23,2.122792e-06
84,24,0.004134242
84,26,9.594189e-05
84,89,0.002828309
84,90,0.0001748182
84,91,0.009900121
84,27,0.003784606
84,28,0.0002861607
84,92,0.0004724253
84,29,0.002048911
84,93,0.0006316348
84,94,2.924042e-05
84,95,0.003042669
84,96,0.0006690958
84,32,3.444335e-05
84,98,6.16026e-05
84,99,0.0002362127
84,100,0.0007273686
84,101,8.116559e-05
84,33,8.803345e-06
84,34,0.0001003123
84,35,3.850163e-05
84,36,0.002127995
84,37,0.0006566088
84,38,0.0003735698
84,39,0.005290332
84,40,1.248701e-05
84,41,5.046835e-05
84,42,0.004399591
84,43,0.004235179
84,44,0.0001623312
84,45,0.003053075
84,102,0.0007429774
84,50,0.0007898036
84,52,0.004849124
84,53,6.576494e-06
84,54,7.773166e-05
84,105,2.913636e-07
84,106,4.963588e-06
84,107,0.00048075
84,108,0.0001082208
84,109,0.0005046835
84,110,0.0003257029
84,111,0.0002497403
84,112,0.0001748182
84,113,0.0001155049
84,114,0.0004838718
84,115,7.970877e-06
84,117,0.0003954221
84,118,0.0001436007
84,119,0.0004037468
84,120,1.529659e-06
84,121,0.000135276
84,122,0.0007450585
84,124,8.480764e-07
84,125,5.078052e-06
84,126,1.321542e-05
84,127,0.228964
85,56,0.03743321
85,69,0.0002219953
85,26,2.599945e-06
85,89,0.001228974
85,90,7.619838e-05
85,91,0.002150954
85,27,3.579924e-05
85,29,4.449906e-05
85,93,1.369971e-05
85,94,3.159933e-06
85,95,0.000328993
85,96,7.229846e-05
85,32,7.449842e-07
85,98,1.339972e-05
85,99,2.529946e-05
85,100,3.109934e-05
85,101,8.669816e-06
85,36,4.599903e-05
85,37,1.41997e-05
85,38,7.349844e-06
85,39,3.499926e-05
85,42,8.639817e-05
85,43,1.989958e-05
85,44,5.269888e-06
85,45,8.99981e-05
85,102,2.189953e-05
85,50,2.32995e-05
85,17,0.01953259
86,56,0.03162219
86,88,0.0005540386
86,22,0.007669492
86,23,6.062678e-06
86,24,0.0001863864
86,25,2.068684e-05
86,26,0.002344167
86,27,7.41449e-05
86,28,0.0002293986
86,92,0.004893154
86,29,9.216909e-05
86,93,2.83676e-05
86,95,0.001148017
86,96,1.290367e-05
86,32,5.151227e-06
86,33,3.963271e-07
86,35,1.730731e-06
86,41,0.0009452451
86,45,0.0001874105
86,102,9.411488e-05
86,51,7.772927e-05
86,52,0.006093401
86,111,1.669285e-05
86,113,7.772926e-06
86,114,3.2464e-05
86,117,2.652422e-05
86,118,9.667514e-06
86,119,2.713867e-05
86,121,9.083776e-06
86,122,5.007854e-05
86,124,5.694001e-08
86,127,0.01740152
87,56,0.2758961
87,84,0.02472333
87,88,0.008983086
87,22,0.1244311
87,16,2.309435e-05
87,23,4.443601e-05
87,24,0.002717711
87,25,0.0003361053
87,26,7.000476e-05
87,27,0.001203175
87,28,0.00236614
87,92,0.004926108
87,29,0.001495978
87,93,0.0004608561
87,95,0.01862291
87,96,8.371703e-05
87,32,8.361393e-05
87,33,6.433427e-06
87,35,2.804314e-05
87,39,0.0008227364
87,40,6.031338e-06
87,41,0.000509313
87,42,0.004272455
87,45,0.00124957
87,102,0.001533094
87,50,0.003462091
87,51,0.001261942
87,52,0.003404355
87,54,2.742454e-05
87,105,2.123856e-07
87,106,3.618803e-06
87,109,0.0003690973
87,110,0.0002371295
87,111,0.0001824866
87,112,0.0001278437
87,113,8.454183e-05
87,114,0.0003536323
87,115,5.825138e-06
87,117,0.0002886794
87,118,0.0001051618
87,119,0.0002948654
87,120,1.113478e-06
87,121,9.87696e-05
87,122,0.0005443669
87,124,6.196298e-07
87,126,9.650141e-06
87,127,0.1462708
88,56,0.008551728
88,23,0.0004488988
88,24,7.999871e-05
88,25,8.895609e-06
88,27,3.17112e-05
88,28,9.863418e-05
88,92,0.0001297276
88,29,3.933012e-05
88,93,1.21491e-05
88,32,2.203311e-06
88,33,1.688518e-07
88,35,7.392416e-07
88,45,3.655025e-05
88,51,3.315262e-05
88,52,0.001410531
88,118,2.769582e-06
88,127,0.002722221
89,56,0.01680206
89,23,8.852365e-06
89,25,2.41164e-05
89,31,0.0008251877
89,32,2.285731e-05
89,33,4.629574e-07
89,34,3.951603e-05
89,35,2.024228e-06
89,36,0.000111381
89,37,3.447967e-05
89,43,0.0002421325
89,47,1.811151e-06
89,49,0.005697862
89,53,2.595661e-06
89,105,5.414083e-07
89,106,1.055698e-05
89,107,0.001883791
89,108,0.0003622303
89,109,0.0003864435
89,110,0.0002353528
89,111,0.0001026642
89,112,0.0001336572
89,115,2.353528e-05
89,117,3.806323e-05
89,118,6.227649e-06
89,119,5.31723e-05
89,120,1.220348e-06
89,125,0.0001016957
89,17,0.01806309
90,56,8.366405e-05
90,23,1.380351e-07
90,25,3.761721e-07
90,31,1.285518e-05
90,32,3.561517e-07
90,34,6.153628e-07
90,35,3.140036e-08
90,36,1.801833e-06
90,37,5.553017e-07
90,43,3.761721e-06
90,47,2.823925e-08
90,49,8.882719e-06
90,53,4.035684e-08
90,17,0.0009314737
91,56,0.2361102
91,23,4.502592e-05
91,25,0.0001186494
91,27,0.001905489
91,92,0.004001628
91,31,0.008240554
91,32,0.0001125648
91,33,3.295816e-05
91,34,0.0001936926
91,35,9.897589e-06
91,36,0.0006023737
91,37,0.0001855798
91,42,0.002479468
91,43,0.003331309
91,44,6.906002e-05
91,47,0.0001115507
91,49,0.002790796
91,53,0.000521246
91,105,1.328467e-06
91,106,5.151614e-05
91,107,0.009227271
91,108,0.0005912187
91,109,0.003785625
91,110,0.001154043
91,111,0.0005040063
91,112,0.0006551067
91,115,5.770213e-05
91,117,0.0001865939
91,118,3.052433e-05
91,119,0.000260623
91,120,5.952752e-06
91,125,0.0003326239
91,17,0.0315729
92,56,0.01242945
92,23,0.0005211425
92,26,1.391687e-05
92,27,0.000238857
92,29,0.0002970907
92,93,1.164675e-05
92,33,1.283116e-06
92,35,1.855583e-06
92,105,1.273246e-07
92,107,0.000884363
92,108,0.0001135064
92,109,0.0003632205
92,115,5.527269e-06
92,116,1.59896e-05
92,121,5.961554e-05
92,125,4.78701e-05
92,127,0.01029059
93,56,0.001174507
93,23,4.390299e-06
93,26,2.50288e-06
93,28,0.0004092825
93,33,2.297726e-07
93,44,6.359778e-06
93,50,0.0004349267
93,54,9.826883e-07
93,116,3.897929e-06
93,121,1.456594e-05
93,127,0.001614563
94,56,0.000837232
94,69,1.824603e-05
94,23,2.36677e-06
94,25,4.128815e-06
94,31,6.975195e-05
94,36,1.88716e-05
94,37,5.838728e-06
94,43,4.08711e-05
94,44,2.168671e-06
94,49,0.0001167746
94,110,2.16867e-05
94,17,0.0007705036
95,56,0.09857345
95,69,0.0006682312
95,23,4.871494e-05
95,25,0.0001486052
95,27,1.082554e-05
95,92,0.002679814
95,29,0.002968167
95,93,0.0001013664
95,31,0.002530225
95,33,2.834324e-06
95,34,0.0002420985
95,35,6.190242e-06
95,36,0.0006849616
95,37,0.0002115901
95,42,0.003102994
95,43,0.003450396
95,44,7.853439e-05
95,47,1.112078e-05
95,49,0.003490745
95,53,1.584466e-05
95,54,1.318748e-05
95,105,1.663197e-06
95,106,6.446118e-05
95,107,0.006068209
95,108,0.001479163
95,109,0.002368825
95,110,0.002886483
95,111,0.001262652
95,112,0.001640562
95,113,4.162913e-05
95,114,9.939816e-05
95,115,7.213747e-05
95,117,0.0004664825
95,118,7.636928e-05
95,119,0.0006524849
95,120,1.486052e-05
95,122,6.485484e-05
95,125,0.0002086377
95,17,0.04999038
96,56,0.0171028
96,23,1.344317e-05
96,25,3.375299e-05
96,92,0.0006112289
96,31,7.553319e-05
96,33,6.470128e-07
96,34,5.522337e-05
96,35,2.824032e-06
96,36,0.0001566758
96,37,4.826e-05
96,42,0.000749529
96,43,0.0003375299
96,44,1.789199e-05
96,47,2.533892e-06
96,49,0.0007959515
96,53,3.626753e-06
96,105,3.781495e-07
96,106,1.470044e-05
96,107,0.000439079
96,108,0.0001682814
96,109,0.000359774
96,110,0.0006586185
96,111,0.000288206
96,112,0.000374281
96,113,9.487588e-06
96,114,2.272766e-05
96,115,1.644128e-05
96,117,0.0001063848
96,118,1.740842e-05
96,119,0.0001489387
96,120,3.394641e-06
96,122,1.479716e-05
96,125,4.74863e-05
96,17,0.01338707
97,56,0.001466666
97,33,5.023233e-08
97,36,1.209115e-05
97,37,3.735476e-06
97,39,0.0002162644
97,42,5.495082e-05
97,49,6.183196e-05
97,106,7.33333e-07
97,110,3.283287e-05
97,111,1.435209e-05
97,112,1.867738e-05
97,120,1.700625e-07
97,17,0.001250402
98,56,0.004999329
98,74,0.002948422
98,25,1.406336e-05
98,31,0.0005820669
98,33,2.832205e-07
98,34,2.422023e-05
98,35,2.470854e-06
98,47,1.113349e-06
98,49,0.0003486542
98,53,1.582128e-06
98,105,1.16218e-07
98,106,4.511995e-06
98,107,0.0002021608
98,108,0.000103522
98,109,0.0001103583
98,110,0.0002021608
98,111,8.838431e-05
98,112,0.0001152414
98,115,5.049137e-06
98,117,3.271685e-05
98,118,5.35189e-06
98,119,4.570592e-05
98,120,1.044986e-06
98,125,4.375267e-05
98,17,0.005435879
99,56,0.006930753
99,25,4.703869e-06
99,33,2.654945e-07
99,36,9.292307e-05
99,37,1.981589e-05
99,42,0.0002905048
99,105,1.548718e-07
99,106,6.021723e-06
99,107,0.001079293
99,108,0.0002077783
99,109,0.0002212454
99,110,0.0002703042
99,111,0.0001183182
99,112,0.0001529479
99,115,6.743175e-06
99,117,4.367192e-05
99,118,7.137569e-06
99,119,6.098678e-05
99,120,1.394808e-06
99,125,1.952731e-05
99,17,0.00699905
100,56,0.01069662
100,25,2.030876e-05
100,33,3.881675e-07
100,36,0.0001240535
100,37,2.891247e-05
100,42,0.0004241831
100,105,2.27098e-07
100,106,8.813803e-06
100,107,0.0007903411
100,108,0.0001010436
100,109,0.0006482797
100,110,0.0003951706
100,111,0.0001730747
100,112,0.0002240967
100,114,1.360587e-05
100,115,9.874261e-06
100,117,6.392758e-05
100,118,1.040449e-05
100,119,8.923851e-05
100,120,2.040881e-06
100,125,2.85123e-05
100,17,0.01109279
101,56,0.003262259
101,25,5.142632e-06
101,33,9.948731e-08
101,36,0.0003396871
101,37,7.42474e-06
101,42,0.000109373
101,105,5.815696e-08
101,106,2.261075e-06
101,108,2.597608e-05
101,110,0.0001012751
101,111,4.427501e-05
101,112,5.763113e-05
101,115,2.534508e-06
101,117,1.640594e-05
101,118,2.681741e-06
101,119,2.292625e-05
101,120,5.226765e-07
101,17,0.002158012
102,56,0.006233581
102,69,5.618622e-05
102,23,4.604953e-06
102,26,2.616231e-06
102,27,4.508413e-05
102,29,5.039383e-05
102,93,1.554292e-05
102,33,2.413497e-07
102,35,1.052285e-06
102,42,0.0002645193
102,49,0.0002963775
102,50,0.0004151216
102,54,1.129517e-06
102,105,1.409483e-07
102,106,5.473812e-06
102,107,0.0002452114
102,108,6.284747e-05
102,109,0.0002017684
102,110,0.0002452114
102,111,0.0001071593
102,112,0.0001390175
102,115,6.130284e-06
102,117,3.96779e-05
102,118,6.487481e-06
102,119,5.54139e-05
102,120,1.264673e-06
102,125,1.76668e-05
102,17,0.006429557
103,56,0.06426146
103,26,1.664185e-05
103,27,0.0002850156
103,92,0.001441337
103,29,0.000319447
103,93,9.851211e-05
103,32,9.755568e-06
103,33,1.520721e-06
103,35,6.656741e-06
103,36,0.0003682249
103,37,0.000113815
103,42,0.001668967
103,43,0.0007967047
103,44,4.217849e-05
103,49,0.002816681
103,50,0.002626352
103,105,8.923476e-07
103,106,3.46227e-05
103,107,0.001034855
103,108,0.0003978742
103,109,0.0008493083
103,110,0.00155324
103,111,0.0006790641
103,112,0.0008827832
103,113,2.238042e-05
103,114,5.355998e-05
103,115,3.883099e-05
103,117,0.0002515406
103,118,4.112642e-05
103,119,0.0003510092
103,120,8.014868e-06
103,122,3.490963e-05
103,125,0.0001119021
103,17,0.01556587
103,127,0.01556587
104,56,0.004128098
104,69,4.568833e-05
104,26,2.137188e-06
104,27,0.0002830587
104,92,0.000185223
104,29,4.103401e-05
104,93,1.263316e-05
104,32,7.503905e-05
104,33,1.956714e-07
104,35,8.558251e-07
104,36,6.174099e-05
104,37,1.909221e-05
104,42,0.0002146687
104,43,0.000102585
104,44,5.423709e-06
104,49,0.001058146
104,50,0.0004397858
104,105,1.073343e-07
104,106,4.160393e-06
104,107,0.0001244318
104,108,4.768304e-05
104,109,0.0001016352
104,110,0.0001861728
104,111,8.140312e-05
104,112,0.0001054346
104,115,4.654321e-06
104,117,3.011061e-05
104,118,4.929781e-06
104,119,4.207886e-05
104,120,9.5936e-07
104,17,0.00082258
104,127,0.00082258
105,56,1.19914e-05
105,17,3.103656e-06
106,56,0.0002819773
106,17,7.286941e-05
107,56,0.03080462
107,116,5.451966e-05
107,17,0.01039394
108,56,0.006901419
108,116,1.219544e-05
108,17,0.001878298
109,56,0.01493214
109,116,2.643757e-05
109,121,2.043827e-05
109,17,0.004063251
110,56,0.009545228
110,116,1.686294e-05
110,121,1.302586e-05
110,17,0.002597094
111,56,0.004525414
111,116,8.012375e-06
111,17,0.00123189
112,56,0.005417407
112,116,9.589852e-06
112,17,0.001474351
113,56,0.002620989
113,116,4.638556e-06
113,17,0.001161691
114,56,0.005259204
114,116,9.308326e-06
114,17,0.001813055
115,56,0.0005152674
115,17,0.0001406188
116,56,0.0008054182
116,17,0.0002195675
117,56,0.003662358
117,116,6.482414e-06
117,17,0.0009961035
118,56,0.001205637
118,116,2.139202e-06
118,17,0.0003281493
119,56,0.004377066
119,116,7.748478e-06
119,17,0.001191122
120,56,4.096508e-05
120,17,1.063141e-05
121,56,0.0009972956
121,17,0.002317719
122,56,0.001301356
122,121,2.3058e-05
122,17,0.005180155
123,56,0.0006555936
123,121,1.158772e-05
123,17,0.002583749
124,56,4.699908e-06
124,17,1.843728e-05
125,56,0.002133797
125,17,0.0005581483
126,56,0.001764249
126,17,0.0007900859
127,56,306.6243
127,64,181.7294
127,65,10.91645
127,66,83.11821
127,70,0.1310163
127,72,0.2348376
127,75,1.199547
127,76,0.139393
127,78,0.3895701
127,79,0.05424966
127,80,0.1706138
127,81,0.1383476
127,84,0.02749635
127,20,0.3942595
127,86,0.02391225
127,87,0.2169058
127,88,0.0006821456
127,22,0.009448903
127,28,0.001107325
127,48,0.005173367
